<?xml version="1.0" encoding="UTF-8"?>
<project-private xmlns="http://www.netbeans.org/ns/project-private/1">
    <editor-bookmarks xmlns="http://www.netbeans.org/ns/editor-bookmarks/2" lastBookmarkId="0"/>
    <open-files xmlns="http://www.netbeans.org/ns/projectui-open-files/2">
        <group>
            <file>file:/C:/Users/kelly/OneDrive/Documentos/fctunesp/5semestre/Engenharia%20de%20Software/Projeto-ESI-main%20(2)/Projeto-ESI-main/Ghibli/src/ghibli/Main.java</file>
            <file>file:/C:/Users/kelly/OneDrive/Documentos/fctunesp/5semestre/Engenharia%20de%20Software/Projeto-ESI-main%20(2)/Projeto-ESI-main/Ghibli/src/ghibli/modelo/Filme.java</file>
            <file>file:/C:/Users/kelly/OneDrive/Documentos/fctunesp/5semestre/Engenharia%20de%20Software/Projeto-ESI-main%20(2)/Projeto-ESI-main/Ghibli/src/ghibli/interfaces/PagamentoFrame.java</file>
            <file>file:/C:/Users/kelly/OneDrive/Documentos/fctunesp/5semestre/Engenharia%20de%20Software/Projeto-ESI-main%20(2)/Projeto-ESI-main/Ghibli/src/ghibli/controlador/ControladorLocacao.java</file>
            <file>file:/C:/Users/kelly/OneDrive/Documentos/fctunesp/5semestre/Engenharia%20de%20Software/Projeto-ESI-main%20(2)/Projeto-ESI-main/Ghibli/src/ghibli/interfaces/CarrinhoFrame.java</file>
            <file>file:/C:/Users/kelly/OneDrive/Documentos/fctunesp/5semestre/Engenharia%20de%20Software/Projeto-ESI-main%20(2)/Projeto-ESI-main/Ghibli/src/ghibli/modelo/Main.java</file>
            <file>file:/C:/Users/kelly/OneDrive/Documentos/fctunesp/5semestre/Engenharia%20de%20Software/Projeto-ESI-main%20(2)/Projeto-ESI-main/Ghibli/src/ghibli/modelo/AddFilmes.java</file>
            <file>file:/C:/Users/kelly/OneDrive/Documentos/fctunesp/5semestre/Engenharia%20de%20Software/Projeto-ESI-main%20(2)/Projeto-ESI-main/Ghibli/src/ghibli/interfaces/CatalogoFrame.java</file>
            <file>file:/C:/Users/kelly/OneDrive/Documentos/fctunesp/5semestre/Engenharia%20de%20Software/Projeto-ESI-main%20(2)/Projeto-ESI-main/Ghibli/src/ghibli/modelo/Item.java</file>
            <file>file:/C:/Users/kelly/OneDrive/Documentos/fctunesp/5semestre/Engenharia%20de%20Software/Projeto-ESI-main%20(2)/Projeto-ESI-main/Ghibli/src/ghibli/controlador/ControladorCliente.java</file>
            <file>file:/C:/Users/kelly/OneDrive/Documentos/fctunesp/5semestre/Engenharia%20de%20Software/Projeto-ESI-main%20(2)/Projeto-ESI-main/Ghibli/src/ghibli/persistencia/PersistenciaFilme.java</file>
        </group>
    </open-files>
</project-private>
