[{"nome":"gaby","email":"gaby@gaby.com","telefone":"173829918","cpf":"5362781625","senha":"123","endereco":null},{"nome":"gaby","email":"a@a.com","telefone":"737672282","cpf":"28222222222","senha":"123","endereco":"gaby"},{"nome":"gaby","email":"gaby@gaby.com","telefone":"111736664","cpf":"9837465832","senha":"12345","endereco":"gaby"},{"nome":"marcos","email":"marcos.j@gmail.com","telefone":"1190037474","cpf":"53647282735","senha":"12345","endereco":"marcos"},{"nome":"Melanie Martinez","email":"melmartinez@gmail,com","telefone":"11981234387","cpf":"32109238308","senha":"1234","endereco":"Melanie Martinez"},{"nome":"Taylor Swift","email":"tay@gmail.com","telefone":"11998743287","cpf":"30219807503","senha":"1234","endereco":"Taylor Swift"}]